{"gaussian_sigmoid": {"means": {"eval_loss": 0.1103714672320171, "accuracy": 0.975, "train_accuracies": [0.85, 0.965, 0.97, 0.975, 0.975, 0.975, 0.975, 0.975, 0.975, 0.975, 0.975, 0.975, 0.975, 0.975, 0.975, 0.975, 0.975, 0.975, 0.975, 0.975, 0.975, 0.975, 0.975, 0.975, 0.975, 0.975, 0.975, 0.975, 0.975, 0.975, 0.975, 0.975, 0.975, 0.975, 0.975, 0.975, 0.975, 0.975, 0.975, 0.975]}}, "xor_sigmoid": {"means": {"eval_loss": 0.4998445389425816, "accuracy": 0.515, "train_accuracies": [0.5449999999999999, 0.56, 0.56, 0.56, 0.56, 0.56, 0.56, 0.56, 0.56, 0.56, 0.56, 0.56, 0.56, 0.56, 0.56, 0.56, 0.56, 0.56, 0.56, 0.56, 0.56, 0.56, 0.56, 0.56, 0.56, 0.56, 0.56, 0.56, 0.56, 0.56, 0.56, 0.56, 0.56, 0.56, 0.56, 0.565, 0.565, 0.565, 0.565, 0.565]}}, "circle_sigmoid": {"means": {"eval_loss": 0.4959527019091548, "accuracy": 0.56, "train_accuracies": [0.525, 0.5349999999999999, 0.5349999999999999, 0.5349999999999999, 0.5349999999999999, 0.5349999999999999, 0.525, 0.525, 0.515, 0.515, 0.515, 0.515, 0.52, 0.52, 0.52, 0.52, 0.53, 0.5349999999999999, 0.5349999999999999, 0.5349999999999999, 0.5349999999999999, 0.5349999999999999, 0.5349999999999999, 0.5349999999999999, 0.5349999999999999, 0.5349999999999999, 0.5349999999999999, 0.5349999999999999, 0.5349999999999999, 0.5349999999999999, 0.5349999999999999, 0.5349999999999999, 0.5349999999999999, 0.5349999999999999, 0.5349999999999999, 0.5349999999999999, 0.53, 0.515, 0.515, 0.51]}}, "spiral_sigmoid": {"means": {"eval_loss": 0.47460539786315714, "accuracy": 0.6, "train_accuracies": [0.5, 0.565, 0.5800000000000001, 0.5800000000000001, 0.5800000000000001, 0.5800000000000001, 0.5900000000000001, 0.595, 0.595, 0.595, 0.595, 0.595, 0.5900000000000001, 0.5900000000000001, 0.585, 0.585, 0.585, 0.5900000000000001, 0.5900000000000001, 0.5900000000000001, 0.5900000000000001, 0.5900000000000001, 0.5900000000000001, 0.5900000000000001, 0.585, 0.585, 0.5800000000000001, 0.5800000000000001, 0.5800000000000001, 0.5800000000000001, 0.5800000000000001, 0.5800000000000001, 0.5800000000000001, 0.5800000000000001, 0.5800000000000001, 0.5800000000000001, 0.5800000000000001, 0.5800000000000001, 0.5800000000000001, 0.5800000000000001]}}}