{"gaussian_sigmoid": {"means": {"eval_loss": 0.11627374719859587, "accuracy": 0.975, "train_accuracies": [0.79, 0.96, 0.965, 0.965, 0.965, 0.965, 0.965, 0.965, 0.965, 0.965, 0.965, 0.965, 0.965, 0.97, 0.97, 0.97, 0.97, 0.97, 0.97, 0.97, 0.97, 0.97, 0.97, 0.97, 0.97, 0.97, 0.97, 0.97, 0.97, 0.97, 0.97, 0.97, 0.97, 0.97, 0.975, 0.975, 0.975, 0.975, 0.975, 0.975]}}, "xor_sigmoid": {"means": {"eval_loss": 0.49748307208366327, "accuracy": 0.51, "train_accuracies": [0.505, 0.51, 0.51, 0.515, 0.525, 0.525, 0.53, 0.54, 0.54, 0.54, 0.55, 0.56, 0.56, 0.56, 0.565, 0.5700000000000001, 0.5800000000000001, 0.5800000000000001, 0.5800000000000001, 0.5800000000000001, 0.5800000000000001, 0.5800000000000001, 0.575, 0.575, 0.575, 0.575, 0.575, 0.5700000000000001, 0.5700000000000001, 0.5700000000000001, 0.565, 0.565, 0.565, 0.56, 0.56, 0.5549999999999999, 0.5549999999999999, 0.55, 0.5449999999999999, 0.5449999999999999]}}, "circle_sigmoid": {"means": {"eval_loss": 0.5016562619517156, "accuracy": 0.365, "train_accuracies": [0.565, 0.5700000000000001, 0.5700000000000001, 0.5700000000000001, 0.515, 0.49, 0.47, 0.43999999999999995, 0.43000000000000005, 0.42500000000000004, 0.43500000000000005, 0.43500000000000005, 0.43500000000000005, 0.43000000000000005, 0.42500000000000004, 0.42000000000000004, 0.42500000000000004, 0.42500000000000004, 0.43000000000000005, 0.43999999999999995, 0.44999999999999996, 0.44999999999999996, 0.46499999999999997, 0.475, 0.49, 0.49, 0.49, 0.5, 0.5, 0.5, 0.5, 0.5, 0.5, 0.5, 0.5, 0.5, 0.5, 0.5, 0.5, 0.5]}}, "spiral_sigmoid": {"means": {"eval_loss": 0.47053467589668907, "accuracy": 0.635, "train_accuracies": [0.49, 0.585, 0.5549999999999999, 0.575, 0.56, 0.565, 0.56, 0.575, 0.5700000000000001, 0.565, 0.565, 0.5700000000000001, 0.5700000000000001, 0.575, 0.5700000000000001, 0.56, 0.56, 0.565, 0.565, 0.565, 0.56, 0.565, 0.565, 0.565, 0.565, 0.565, 0.565, 0.5700000000000001, 0.5700000000000001, 0.5700000000000001, 0.5700000000000001, 0.5700000000000001, 0.575, 0.575, 0.575, 0.575, 0.575, 0.575, 0.575, 0.575]}}}