{"gaussian_sigmoid": {"means": {"eval_loss": 0.12912181673303683, "accuracy": 0.985, "train_accuracies": [0.885, 0.96, 0.965, 0.96, 0.96, 0.96, 0.96, 0.96, 0.96, 0.96, 0.96, 0.96, 0.96, 0.96, 0.96, 0.96, 0.96, 0.96, 0.96, 0.96, 0.96, 0.96, 0.96, 0.96, 0.96, 0.96, 0.96, 0.96, 0.96, 0.96, 0.96, 0.96, 0.96, 0.96, 0.96, 0.96, 0.96, 0.96, 0.96, 0.96]}}, "xor_sigmoid": {"means": {"eval_loss": 0.49937428556902214, "accuracy": 0.47, "train_accuracies": [0.46499999999999997, 0.43000000000000005, 0.43999999999999995, 0.43500000000000005, 0.43500000000000005, 0.43999999999999995, 0.43999999999999995, 0.43999999999999995, 0.44499999999999995, 0.44499999999999995, 0.43999999999999995, 0.43999999999999995, 0.43999999999999995, 0.43999999999999995, 0.43999999999999995, 0.43500000000000005, 0.43999999999999995, 0.43999999999999995, 0.44499999999999995, 0.42500000000000004, 0.43000000000000005, 0.43000000000000005, 0.42000000000000004, 0.41500000000000004, 0.41500000000000004, 0.41500000000000004, 0.41500000000000004, 0.42000000000000004, 0.42500000000000004, 0.42500000000000004, 0.42000000000000004, 0.43000000000000005, 0.43000000000000005, 0.43000000000000005, 0.43500000000000005, 0.43999999999999995, 0.43999999999999995, 0.43999999999999995, 0.43500000000000005, 0.43500000000000005]}}, "circle_sigmoid": {"means": {"eval_loss": 0.4931189806623641, "accuracy": 0.45, "train_accuracies": [0.43999999999999995, 0.385, 0.375, 0.365, 0.385, 0.39, 0.39, 0.375, 0.385, 0.39, 0.4, 0.4, 0.4, 0.4, 0.4, 0.4, 0.395, 0.395, 0.395, 0.39, 0.4, 0.4, 0.4, 0.405, 0.405, 0.405, 0.41000000000000003, 0.42000000000000004, 0.42000000000000004, 0.42000000000000004, 0.41500000000000004, 0.41500000000000004, 0.41500000000000004, 0.41000000000000003, 0.41000000000000003, 0.41000000000000003, 0.4, 0.4, 0.395, 0.395]}}, "spiral_sigmoid": {"means": {"eval_loss": 0.47235121622799364, "accuracy": 0.61, "train_accuracies": [0.515, 0.55, 0.575, 0.565, 0.5549999999999999, 0.56, 0.5549999999999999, 0.56, 0.5549999999999999, 0.5549999999999999, 0.5549999999999999, 0.5549999999999999, 0.56, 0.565, 0.565, 0.56, 0.56, 0.56, 0.56, 0.56, 0.55, 0.55, 0.55, 0.55, 0.55, 0.55, 0.55, 0.5549999999999999, 0.5549999999999999, 0.5549999999999999, 0.5549999999999999, 0.5549999999999999, 0.5549999999999999, 0.5549999999999999, 0.5549999999999999, 0.5549999999999999, 0.5549999999999999, 0.5549999999999999, 0.55, 0.55]}}}