{"gaussian_sigmoid": {"means": {"eval_loss": 0.5046118340561252, "accuracy": 0.495, "train_accuracies": [0.505, 0.505, 0.505, 0.505, 0.505, 0.505, 0.505, 0.505, 0.505, 0.505, 0.505, 0.505, 0.505, 0.505, 0.505, 0.505, 0.505, 0.505, 0.505, 0.505, 0.505, 0.505, 0.505, 0.505, 0.505, 0.505, 0.505, 0.505, 0.505, 0.505, 0.505, 0.505, 0.505, 0.505, 0.505, 0.505, 0.505, 0.505, 0.505, 0.505]}}, "gaussian_tanh": {"means": {"eval_loss": 1.485, "accuracy": 0.0, "train_accuracies": [0.485, 0.485, 0.050000000000000044, 0.0, 0.0, 0.0, 0.0, 0.0, 0.0, 0.0, 0.0, 0.0, 0.0, 0.0, 0.0, 0.0, 0.0, 0.0, 0.0, 0.0, 0.0, 0.0, 0.0, 0.0, 0.0, 0.0, 0.0, 0.0, 0.0, 0.0, 0.0, 0.0, 0.0, 0.0, 0.0, 0.0, 0.0, 0.0, 0.0, 0.0]}}, "gaussian_relu": {"means": {"eval_loss": 0.497668586711916, "accuracy": 0.525, "train_accuracies": [0.525, 0.525, 0.525, 0.525, 0.525, 0.525, 0.525, 0.525, 0.525, 0.525, 0.525, 0.525, 0.525, 0.525, 0.525, 0.525, 0.525, 0.525, 0.525, 0.525, 0.52, 0.475, 0.475, 0.475, 0.475, 0.475, 0.475, 0.475, 0.475, 0.475, 0.475, 0.475, 0.475, 0.475, 0.475, 0.475, 0.475, 0.475, 0.475, 0.475]}}, "xor_sigmoid": {"means": {"eval_loss": 0.4816562298716292, "accuracy": 0.54, "train_accuracies": [0.505, 0.505, 0.505, 0.505, 0.505, 0.505, 0.505, 0.505, 0.505, 0.505, 0.505, 0.505, 0.505, 0.505, 0.505, 0.505, 0.505, 0.505, 0.505, 0.505, 0.505, 0.505, 0.505, 0.505, 0.505, 0.505, 0.505, 0.505, 0.505, 0.505, 0.495, 0.495, 0.495, 0.495, 0.495, 0.495, 0.495, 0.495, 0.495, 0.495]}}, "xor_tanh": {"means": {"eval_loss": 1.525, "accuracy": 0.0, "train_accuracies": [0.0, 0.0, 0.0, 0.0, 0.0, 0.0, 0.0, 0.0, 0.0, 0.0, 0.0, 0.0, 0.0, 0.0, 0.0, 0.0, 0.0, 0.0, 0.0, 0.0, 0.0, 0.0, 0.0, 0.0, 0.0, 0.0, 0.0, 0.0, 0.0, 0.0, 0.0, 0.0, 0.0, 0.0, 0.0, 0.0, 0.0, 0.0, 0.0, 0.0]}}, "xor_relu": {"means": {"eval_loss": 0.4988909892866037, "accuracy": 0.51, "train_accuracies": [0.45499999999999996, 0.45499999999999996, 0.45499999999999996, 0.45499999999999996, 0.45499999999999996, 0.45499999999999996, 0.45499999999999996, 0.45499999999999996, 0.45499999999999996, 0.45499999999999996, 0.45499999999999996, 0.45499999999999996, 0.45499999999999996, 0.45499999999999996, 0.45499999999999996, 0.45499999999999996, 0.45499999999999996, 0.45499999999999996, 0.45499999999999996, 0.45499999999999996, 0.45499999999999996, 0.45499999999999996, 0.45499999999999996, 0.45499999999999996, 0.45499999999999996, 0.45499999999999996, 0.45499999999999996, 0.45499999999999996, 0.45499999999999996, 0.45499999999999996, 0.45499999999999996, 0.45499999999999996, 0.45499999999999996, 0.45499999999999996, 0.45499999999999996, 0.45499999999999996, 0.45499999999999996, 0.45499999999999996, 0.45499999999999996, 0.45499999999999996]}}, "circle_sigmoid": {"means": {"eval_loss": 0.499427574876014, "accuracy": 0.555, "train_accuracies": [0.565, 0.565, 0.565, 0.565, 0.565, 0.565, 0.565, 0.565, 0.565, 0.565, 0.565, 0.565, 0.565, 0.565, 0.565, 0.565, 0.565, 0.565, 0.565, 0.565, 0.45499999999999996, 0.43500000000000005, 0.43500000000000005, 0.43500000000000005, 0.43500000000000005, 0.43500000000000005, 0.43500000000000005, 0.43500000000000005, 0.43500000000000005, 0.43500000000000005, 0.43500000000000005, 0.43500000000000005, 0.43500000000000005, 0.43500000000000005, 0.43500000000000005, 0.43500000000000005, 0.43500000000000005, 0.42500000000000004, 0.46499999999999997, 0.51]}}, "circle_tanh": {"means": {"eval_loss": 1.42, "accuracy": 0.0, "train_accuracies": [0.29000000000000004, 0.0, 0.0, 0.0, 0.0, 0.0, 0.0, 0.0, 0.0, 0.0, 0.0, 0.0, 0.0, 0.0, 0.0, 0.0, 0.0, 0.0, 0.0, 0.0, 0.0, 0.0, 0.0, 0.0, 0.0, 0.0, 0.0, 0.0, 0.0, 0.0, 0.0, 0.0, 0.0, 0.0, 0.0, 0.0, 0.0, 0.0, 0.0, 0.0]}}, "circle_relu": {"means": {"eval_loss": 0.5009374952814016, "accuracy": 0.49, "train_accuracies": [0.5349999999999999, 0.5349999999999999, 0.5349999999999999, 0.5349999999999999, 0.5349999999999999, 0.5349999999999999, 0.5349999999999999, 0.5349999999999999, 0.5349999999999999, 0.5349999999999999, 0.5349999999999999, 0.5349999999999999, 0.5349999999999999, 0.5349999999999999, 0.5349999999999999, 0.5349999999999999, 0.5349999999999999, 0.5349999999999999, 0.43500000000000005, 0.46499999999999997, 0.46499999999999997, 0.46499999999999997, 0.46499999999999997, 0.46499999999999997, 0.46499999999999997, 0.46499999999999997, 0.46499999999999997, 0.46499999999999997, 0.46499999999999997, 0.46499999999999997, 0.46499999999999997, 0.46499999999999997, 0.46499999999999997, 0.46499999999999997, 0.46499999999999997, 0.46499999999999997, 0.46499999999999997, 0.46499999999999997, 0.46499999999999997, 0.46499999999999997]}}, "spiral_sigmoid": {"means": {"eval_loss": 0.5016180226170767, "accuracy": 0.43, "train_accuracies": [0.43000000000000005, 0.43000000000000005, 0.43000000000000005, 0.43000000000000005, 0.43000000000000005, 0.43000000000000005, 0.43000000000000005, 0.43000000000000005, 0.43000000000000005, 0.43000000000000005, 0.43000000000000005, 0.43000000000000005, 0.43000000000000005, 0.43000000000000005, 0.43000000000000005, 0.45499999999999996, 0.5449999999999999, 0.5700000000000001, 0.5700000000000001, 0.5700000000000001, 0.5700000000000001, 0.5700000000000001, 0.5700000000000001, 0.5700000000000001, 0.5700000000000001, 0.5700000000000001, 0.5700000000000001, 0.5700000000000001, 0.5700000000000001, 0.5700000000000001, 0.5700000000000001, 0.5700000000000001, 0.5700000000000001, 0.5700000000000001, 0.5700000000000001, 0.5700000000000001, 0.5700000000000001, 0.5700000000000001, 0.5700000000000001, 0.5700000000000001]}}, "spiral_tanh": {"means": {"eval_loss": 0.5224096121270215, "accuracy": 0.455, "train_accuracies": [0.45499999999999996, 0.45499999999999996, 0.45499999999999996, 0.45499999999999996, 0.45499999999999996, 0.45499999999999996, 0.45499999999999996, 0.45499999999999996, 0.45499999999999996, 0.45499999999999996, 0.45499999999999996, 0.45499999999999996, 0.45499999999999996, 0.45499999999999996, 0.45499999999999996, 0.45499999999999996, 0.45499999999999996, 0.45499999999999996, 0.45499999999999996, 0.45499999999999996, 0.45499999999999996, 0.4, 0.5449999999999999, 0.5449999999999999, 0.5449999999999999, 0.5449999999999999, 0.5449999999999999, 0.5449999999999999, 0.5449999999999999, 0.5449999999999999, 0.5449999999999999, 0.5449999999999999, 0.5449999999999999, 0.5449999999999999, 0.5449999999999999, 0.5449999999999999, 0.5449999999999999, 0.5449999999999999, 0.5449999999999999, 0.5449999999999999]}}, "spiral_relu": {"means": {"eval_loss": 0.4991956389773511, "accuracy": 0.515, "train_accuracies": [0.515, 0.515, 0.515, 0.515, 0.515, 0.515, 0.515, 0.515, 0.515, 0.515, 0.515, 0.515, 0.5, 0.485, 0.485, 0.485, 0.485, 0.485, 0.485, 0.485, 0.485, 0.485, 0.485, 0.485, 0.485, 0.485, 0.485, 0.485, 0.485, 0.485, 0.485, 0.485, 0.485, 0.485, 0.485, 0.485, 0.485, 0.485, 0.485, 0.485]}}}