{"gaussian_sigmoid": {"means": {"eval_loss": 0.4801690656308034, "accuracy": 0.52, "train_accuracies": [0.48, 0.48, 0.48, 0.48, 0.48, 0.48, 0.48, 0.48, 0.48, 0.48, 0.48, 0.48, 0.48, 0.48, 0.48, 0.48, 0.48, 0.48, 0.48, 0.48, 0.48, 0.48, 0.48, 0.48, 0.48, 0.48, 0.48, 0.48, 0.48, 0.48, 0.48, 0.48, 0.48, 0.48, 0.48, 0.48, 0.48, 0.48, 0.48, 0.48]}}, "gaussian_tanh": {"means": {"eval_loss": 0.5012579380147382, "accuracy": 0.475, "train_accuracies": [0.475, 0.475, 0.475, 0.475, 0.475, 0.475, 0.475, 0.475, 0.475, 0.475, 0.475, 0.475, 0.475, 0.475, 0.475, 0.475, 0.475, 0.475, 0.475, 0.475, 0.475, 0.475, 0.475, 0.475, 0.475, 0.475, 0.475, 0.475, 0.475, 0.475, 0.475, 0.475, 0.515, 0.525, 0.525, 0.525, 0.525, 0.525, 0.525, 0.525]}}, "gaussian_relu": {"means": {"eval_loss": 0.49996551989568694, "accuracy": 0.55, "train_accuracies": [0.44999999999999996, 0.44999999999999996, 0.44999999999999996, 0.44999999999999996, 0.44999999999999996, 0.44999999999999996, 0.44999999999999996, 0.44999999999999996, 0.44999999999999996, 0.44999999999999996, 0.44999999999999996, 0.44999999999999996, 0.44999999999999996, 0.44999999999999996, 0.44999999999999996, 0.44999999999999996, 0.44999999999999996, 0.44999999999999996, 0.44999999999999996, 0.44999999999999996, 0.44999999999999996, 0.44999999999999996, 0.44999999999999996, 0.44999999999999996, 0.44999999999999996, 0.44999999999999996, 0.44999999999999996, 0.44999999999999996, 0.44999999999999996, 0.44999999999999996, 0.44999999999999996, 0.44999999999999996, 0.44999999999999996, 0.44999999999999996, 0.44999999999999996, 0.44999999999999996, 0.44999999999999996, 0.44999999999999996, 0.44999999999999996, 0.44999999999999996]}}, "xor_sigmoid": {"means": {"eval_loss": 0.49276269051068267, "accuracy": 0.525, "train_accuracies": [0.505, 0.505, 0.505, 0.505, 0.505, 0.505, 0.505, 0.505, 0.505, 0.505, 0.505, 0.505, 0.505, 0.505, 0.505, 0.505, 0.505, 0.505, 0.505, 0.505, 0.505, 0.505, 0.505, 0.505, 0.505, 0.505, 0.505, 0.505, 0.505, 0.505, 0.505, 0.505, 0.505, 0.505, 0.505, 0.505, 0.505, 0.505, 0.505, 0.505]}}, "xor_tanh": {"means": {"eval_loss": 0.5317199117877556, "accuracy": 0.46, "train_accuracies": [0.495, 0.495, 0.495, 0.495, 0.495, 0.495, 0.495, 0.495, 0.495, 0.495, 0.495, 0.495, 0.495, 0.495, 0.495, 0.495, 0.495, 0.495, 0.495, 0.495, 0.495, 0.495, 0.495, 0.495, 0.495, 0.495, 0.495, 0.495, 0.495, 0.495, 0.495, 0.495, 0.495, 0.495, 0.495, 0.495, 0.495, 0.495, 0.495, 0.495]}}, "xor_relu": {"means": {"eval_loss": 0.5035120107595389, "accuracy": 0.43, "train_accuracies": [0.475, 0.475, 0.475, 0.475, 0.475, 0.475, 0.475, 0.475, 0.475, 0.475, 0.475, 0.475, 0.475, 0.475, 0.475, 0.475, 0.475, 0.43500000000000005, 0.49, 0.525, 0.525, 0.525, 0.525, 0.525, 0.525, 0.525, 0.525, 0.525, 0.525, 0.525, 0.525, 0.525, 0.525, 0.525, 0.525, 0.525, 0.525, 0.525, 0.525, 0.525]}}, "circle_sigmoid": {"means": {"eval_loss": 0.5002502273641753, "accuracy": 0.465, "train_accuracies": [0.44499999999999995, 0.44499999999999995, 0.44499999999999995, 0.44499999999999995, 0.44499999999999995, 0.44499999999999995, 0.44499999999999995, 0.44499999999999995, 0.44499999999999995, 0.44499999999999995, 0.44499999999999995, 0.44499999999999995, 0.44499999999999995, 0.44499999999999995, 0.44499999999999995, 0.44499999999999995, 0.44499999999999995, 0.44499999999999995, 0.44499999999999995, 0.44499999999999995, 0.44499999999999995, 0.44499999999999995, 0.44499999999999995, 0.44499999999999995, 0.44499999999999995, 0.44499999999999995, 0.44499999999999995, 0.44499999999999995, 0.44499999999999995, 0.44499999999999995, 0.44499999999999995, 0.44499999999999995, 0.44499999999999995, 0.44499999999999995, 0.44499999999999995, 0.44499999999999995, 0.44499999999999995, 0.44499999999999995, 0.44499999999999995, 0.43500000000000005]}}, "circle_tanh": {"means": {"eval_loss": 0.49041525039217776, "accuracy": 0.535, "train_accuracies": [0.5900000000000001, 0.5900000000000001, 0.5900000000000001, 0.5900000000000001, 0.5900000000000001, 0.5900000000000001, 0.5900000000000001, 0.5900000000000001, 0.5900000000000001, 0.5900000000000001, 0.5900000000000001, 0.5900000000000001, 0.5900000000000001, 0.5900000000000001, 0.5900000000000001, 0.5900000000000001, 0.5900000000000001, 0.5900000000000001, 0.5900000000000001, 0.5900000000000001, 0.5900000000000001, 0.5900000000000001, 0.5900000000000001, 0.5900000000000001, 0.5900000000000001, 0.5900000000000001, 0.5900000000000001, 0.5900000000000001, 0.5900000000000001, 0.5900000000000001, 0.5900000000000001, 0.5900000000000001, 0.5900000000000001, 0.5900000000000001, 0.5900000000000001, 0.5900000000000001, 0.5900000000000001, 0.5900000000000001, 0.5900000000000001, 0.5900000000000001]}}, "circle_relu": {"means": {"eval_loss": 0.5054960235772752, "accuracy": 0.44, "train_accuracies": [0.495, 0.495, 0.495, 0.495, 0.495, 0.495, 0.495, 0.495, 0.495, 0.495, 0.495, 0.495, 0.495, 0.495, 0.495, 0.495, 0.495, 0.495, 0.495, 0.495, 0.495, 0.495, 0.495, 0.495, 0.495, 0.495, 0.495, 0.495, 0.495, 0.495, 0.495, 0.495, 0.495, 0.495, 0.495, 0.495, 0.495, 0.495, 0.495, 0.495]}}, "spiral_sigmoid": {"means": {"eval_loss": 0.4925541050146323, "accuracy": 0.54, "train_accuracies": [0.54, 0.54, 0.54, 0.54, 0.54, 0.54, 0.54, 0.54, 0.54, 0.54, 0.54, 0.53, 0.45999999999999996, 0.45999999999999996, 0.45999999999999996, 0.45999999999999996, 0.45999999999999996, 0.45999999999999996, 0.45999999999999996, 0.45999999999999996, 0.45999999999999996, 0.45999999999999996, 0.45999999999999996, 0.45999999999999996, 0.45999999999999996, 0.45999999999999996, 0.45999999999999996, 0.45999999999999996, 0.45999999999999996, 0.45999999999999996, 0.45999999999999996, 0.45999999999999996, 0.45999999999999996, 0.45999999999999996, 0.45999999999999996, 0.45999999999999996, 0.45999999999999996, 0.45999999999999996, 0.45999999999999996, 0.45999999999999996]}}, "spiral_tanh": {"means": {"eval_loss": 1.505, "accuracy": 0.0, "train_accuracies": [0.505, 0.505, 0.505, 0.505, 0.505, 0.505, 0.505, 0.505, 0.505, 0.505, 0.505, 0.505, 0.505, 0.505, 0.505, 0.505, 0.505, 0.505, 0.46499999999999997, 0.0, 0.0, 0.0, 0.0, 0.0, 0.0, 0.0, 0.0, 0.0, 0.0, 0.0, 0.0, 0.0, 0.0, 0.0, 0.0, 0.0, 0.0, 0.0, 0.0, 0.0]}}, "spiral_relu": {"means": {"eval_loss": 0.52, "accuracy": 0.48, "train_accuracies": [0.52, 0.52, 0.52, 0.52, 0.52, 0.52, 0.52, 0.52, 0.52, 0.52, 0.52, 0.52, 0.52, 0.52, 0.52, 0.52, 0.52, 0.52, 0.52, 0.52, 0.52, 0.52, 0.52, 0.52, 0.52, 0.52, 0.52, 0.52, 0.52, 0.52, 0.52, 0.52, 0.52, 0.52, 0.52, 0.52, 0.52, 0.52, 0.52, 0.52]}}}