{"gaussian_sigmoid": {"means": {"eval_loss": 0.45730686038092516, "accuracy": 0.545, "train_accuracies": [0.45499999999999996, 0.45499999999999996, 0.45499999999999996, 0.45499999999999996, 0.45499999999999996, 0.45499999999999996, 0.45499999999999996, 0.45499999999999996, 0.45499999999999996, 0.45499999999999996, 0.45499999999999996, 0.45499999999999996, 0.45499999999999996, 0.45499999999999996, 0.45499999999999996, 0.45499999999999996, 0.45499999999999996, 0.45499999999999996, 0.45499999999999996, 0.45499999999999996, 0.45499999999999996, 0.45499999999999996, 0.45499999999999996, 0.45499999999999996, 0.45499999999999996, 0.45499999999999996, 0.45499999999999996, 0.45499999999999996, 0.45499999999999996, 0.45499999999999996, 0.45499999999999996, 0.45499999999999996, 0.45499999999999996, 0.45499999999999996, 0.45499999999999996, 0.45499999999999996, 0.45499999999999996, 0.45499999999999996, 0.45499999999999996, 0.45499999999999996]}}, "gaussian_tanh": {"means": {"eval_loss": 1.465, "accuracy": 0.0, "train_accuracies": [0.46499999999999997, 0.46499999999999997, 0.46499999999999997, 0.46499999999999997, 0.46499999999999997, 0.46499999999999997, 0.46499999999999997, 0.46499999999999997, 0.46499999999999997, 0.46499999999999997, 0.19499999999999995, 0.0, 0.0, 0.0, 0.0, 0.0, 0.0, 0.0, 0.0, 0.0, 0.0, 0.0, 0.0, 0.0, 0.0, 0.0, 0.0, 0.0, 0.0, 0.0, 0.0, 0.0, 0.0, 0.0, 0.0, 0.0, 0.0, 0.0, 0.0, 0.0]}}, "gaussian_relu": {"means": {"eval_loss": 0.4992715027559217, "accuracy": 0.505, "train_accuracies": [0.505, 0.505, 0.505, 0.505, 0.505, 0.505, 0.505, 0.505, 0.505, 0.505, 0.505, 0.505, 0.505, 0.505, 0.505, 0.505, 0.505, 0.505, 0.505, 0.505, 0.505, 0.505, 0.505, 0.505, 0.505, 0.505, 0.505, 0.46499999999999997, 0.495, 0.495, 0.495, 0.495, 0.495, 0.495, 0.495, 0.495, 0.495, 0.495, 0.495, 0.495]}}, "xor_sigmoid": {"means": {"eval_loss": 0.569383103913802, "accuracy": 0.425, "train_accuracies": [0.575, 0.575, 0.575, 0.575, 0.575, 0.575, 0.575, 0.575, 0.575, 0.575, 0.575, 0.575, 0.575, 0.575, 0.575, 0.575, 0.575, 0.575, 0.575, 0.575, 0.575, 0.575, 0.575, 0.575, 0.575, 0.575, 0.575, 0.575, 0.575, 0.575, 0.575, 0.575, 0.575, 0.575, 0.575, 0.575, 0.575, 0.575, 0.575, 0.575]}}, "xor_tanh": {"means": {"eval_loss": 1.495, "accuracy": 0.0, "train_accuracies": [0.0, 0.0, 0.0, 0.0, 0.0, 0.0, 0.0, 0.0, 0.0, 0.0, 0.0, 0.0, 0.0, 0.0, 0.0, 0.0, 0.0, 0.0, 0.0, 0.0, 0.0, 0.0, 0.0, 0.0, 0.0, 0.0, 0.0, 0.0, 0.0, 0.0, 0.0, 0.0, 0.0, 0.0, 0.0, 0.0, 0.0, 0.0, 0.0, 0.0]}}, "xor_relu": {"means": {"eval_loss": 0.501518588911068, "accuracy": 0.49, "train_accuracies": [0.51, 0.51, 0.51, 0.51, 0.51, 0.51, 0.51, 0.51, 0.51, 0.51, 0.51, 0.51, 0.51, 0.51, 0.51, 0.51, 0.51, 0.51, 0.51, 0.51, 0.51, 0.51, 0.485, 0.485, 0.49, 0.49, 0.49, 0.49, 0.49, 0.49, 0.49, 0.49, 0.49, 0.49, 0.49, 0.49, 0.49, 0.49, 0.49, 0.49]}}, "circle_sigmoid": {"means": {"eval_loss": 0.4939712058212664, "accuracy": 0.53, "train_accuracies": [0.44499999999999995, 0.44499999999999995, 0.44499999999999995, 0.44499999999999995, 0.44499999999999995, 0.44499999999999995, 0.44499999999999995, 0.44499999999999995, 0.44499999999999995, 0.44499999999999995, 0.44499999999999995, 0.44499999999999995, 0.44499999999999995, 0.44499999999999995, 0.54, 0.5549999999999999, 0.5549999999999999, 0.5549999999999999, 0.5549999999999999, 0.5549999999999999, 0.5549999999999999, 0.5549999999999999, 0.5549999999999999, 0.5549999999999999, 0.5549999999999999, 0.5549999999999999, 0.5549999999999999, 0.5549999999999999, 0.5549999999999999, 0.5549999999999999, 0.5549999999999999, 0.5549999999999999, 0.5549999999999999, 0.5549999999999999, 0.5549999999999999, 0.5549999999999999, 0.5549999999999999, 0.5549999999999999, 0.5549999999999999, 0.5549999999999999]}}, "circle_tanh": {"means": {"eval_loss": 1.45, "accuracy": 0.0, "train_accuracies": [0.43500000000000005, 0.0, 0.0, 0.0, 0.0, 0.0, 0.0, 0.0, 0.0, 0.0, 0.0, 0.0, 0.0, 0.0, 0.0, 0.0, 0.0, 0.0, 0.0, 0.0, 0.0, 0.0, 0.0, 0.0, 0.0, 0.0, 0.0, 0.0, 0.0, 0.0, 0.0, 0.0, 0.0, 0.0, 0.0, 0.0, 0.0, 0.0, 0.0, 0.0]}}, "circle_relu": {"means": {"eval_loss": 0.44914639004036233, "accuracy": 0.575, "train_accuracies": [0.56, 0.56, 0.56, 0.56, 0.56, 0.56, 0.56, 0.56, 0.56, 0.56, 0.56, 0.56, 0.56, 0.56, 0.56, 0.56, 0.56, 0.56, 0.56, 0.56, 0.56, 0.56, 0.56, 0.56, 0.56, 0.56, 0.56, 0.56, 0.56, 0.56, 0.56, 0.56, 0.56, 0.56, 0.56, 0.56, 0.56, 0.56, 0.56, 0.56]}}, "spiral_sigmoid": {"means": {"eval_loss": 0.49760157447754855, "accuracy": 0.52, "train_accuracies": [0.52, 0.52, 0.52, 0.52, 0.52, 0.52, 0.52, 0.52, 0.52, 0.52, 0.52, 0.52, 0.48, 0.48, 0.48, 0.48, 0.48, 0.48, 0.48, 0.48, 0.48, 0.48, 0.48, 0.48, 0.48, 0.48, 0.48, 0.48, 0.48, 0.48, 0.48, 0.48, 0.48, 0.48, 0.48, 0.48, 0.48, 0.48, 0.48, 0.48]}}, "spiral_tanh": {"means": {"eval_loss": 0.5112159959705087, "accuracy": 0.47, "train_accuracies": [0.47, 0.47, 0.47, 0.47, 0.47, 0.47, 0.47, 0.47, 0.47, 0.47, 0.47, 0.47, 0.47, 0.47, 0.47, 0.47, 0.47, 0.485, 0.53, 0.53, 0.53, 0.53, 0.53, 0.53, 0.53, 0.53, 0.53, 0.53, 0.53, 0.53, 0.53, 0.53, 0.53, 0.53, 0.53, 0.53, 0.53, 0.53, 0.53, 0.53]}}, "spiral_relu": {"means": {"eval_loss": 0.5016870992250135, "accuracy": 0.49, "train_accuracies": [0.51, 0.51, 0.51, 0.51, 0.51, 0.51, 0.51, 0.51, 0.51, 0.51, 0.51, 0.51, 0.51, 0.51, 0.51, 0.51, 0.51, 0.51, 0.51, 0.51, 0.51, 0.51, 0.51, 0.51, 0.51, 0.51, 0.51, 0.51, 0.51, 0.51, 0.51, 0.51, 0.51, 0.51, 0.51, 0.51, 0.51, 0.51, 0.51, 0.51]}}}