{"gaussian_sigmoid": {"means": {"eval_loss": 0.500933615778838, "accuracy": 0.485, "train_accuracies": [0.515, 0.515, 0.515, 0.515, 0.515, 0.515, 0.515, 0.515, 0.515, 0.515, 0.515, 0.515, 0.515, 0.515, 0.515, 0.515, 0.515, 0.515, 0.515, 0.515, 0.515, 0.515, 0.515, 0.515, 0.515, 0.515, 0.515, 0.515, 0.515, 0.515, 0.515, 0.515, 0.515, 0.515, 0.515, 0.515, 0.515, 0.515, 0.515, 0.515]}}, "gaussian_tanh": {"means": {"eval_loss": 1.515, "accuracy": 0.0, "train_accuracies": [0.515, 0.515, 0.515, 0.515, 0.515, 0.515, 0.515, 0.45499999999999996, 0.0, 0.0, 0.0, 0.0, 0.0, 0.0, 0.0, 0.0, 0.0, 0.0, 0.0, 0.0, 0.0, 0.0, 0.0, 0.0, 0.0, 0.0, 0.0, 0.0, 0.0, 0.0, 0.0, 0.0, 0.0, 0.0, 0.0, 0.0, 0.0, 0.0, 0.0, 0.0]}}, "gaussian_relu": {"means": {"eval_loss": 0.507626153112973, "accuracy": 0.465, "train_accuracies": [0.5349999999999999, 0.5349999999999999, 0.5349999999999999, 0.5349999999999999, 0.5349999999999999, 0.5349999999999999, 0.5349999999999999, 0.5349999999999999, 0.5349999999999999, 0.5349999999999999, 0.5349999999999999, 0.5349999999999999, 0.5349999999999999, 0.5349999999999999, 0.5349999999999999, 0.5349999999999999, 0.5349999999999999, 0.5349999999999999, 0.5349999999999999, 0.5349999999999999, 0.5349999999999999, 0.5349999999999999, 0.5349999999999999, 0.5349999999999999, 0.5349999999999999, 0.5349999999999999, 0.5349999999999999, 0.5349999999999999, 0.5349999999999999, 0.5349999999999999, 0.5349999999999999, 0.5349999999999999, 0.5349999999999999, 0.5349999999999999, 0.5349999999999999, 0.5349999999999999, 0.5349999999999999, 0.5349999999999999, 0.5349999999999999, 0.5349999999999999]}}, "xor_sigmoid": {"means": {"eval_loss": 0.5007590363697549, "accuracy": 0.48, "train_accuracies": [0.475, 0.475, 0.475, 0.475, 0.475, 0.475, 0.475, 0.45499999999999996, 0.43999999999999995, 0.475, 0.495, 0.46499999999999997, 0.51, 0.52, 0.525, 0.525, 0.525, 0.525, 0.525, 0.525, 0.525, 0.525, 0.525, 0.525, 0.525, 0.525, 0.525, 0.525, 0.525, 0.525, 0.525, 0.525, 0.525, 0.525, 0.525, 0.525, 0.525, 0.525, 0.525, 0.525]}}, "xor_tanh": {"means": {"eval_loss": 0.500851070295584, "accuracy": 0.49, "train_accuracies": [0.485, 0.485, 0.485, 0.485, 0.485, 0.485, 0.485, 0.485, 0.485, 0.485, 0.485, 0.485, 0.475, 0.515, 0.515, 0.515, 0.515, 0.515, 0.515, 0.515, 0.515, 0.515, 0.515, 0.515, 0.515, 0.515, 0.515, 0.515, 0.515, 0.515, 0.515, 0.515, 0.515, 0.515, 0.515, 0.515, 0.515, 0.515, 0.515, 0.515]}}, "xor_relu": {"means": {"eval_loss": 0.5050513803595267, "accuracy": 0.47, "train_accuracies": [0.48, 0.48, 0.48, 0.48, 0.48, 0.48, 0.48, 0.48, 0.48, 0.48, 0.48, 0.48, 0.48, 0.48, 0.48, 0.48, 0.48, 0.48, 0.48, 0.48, 0.48, 0.48, 0.48, 0.48, 0.48, 0.48, 0.48, 0.48, 0.48, 0.48, 0.48, 0.48, 0.52, 0.52, 0.52, 0.52, 0.52, 0.52, 0.52, 0.52]}}, "circle_sigmoid": {"means": {"eval_loss": 0.5147342617442898, "accuracy": 0.435, "train_accuracies": [0.495, 0.495, 0.495, 0.495, 0.495, 0.495, 0.495, 0.495, 0.495, 0.495, 0.495, 0.495, 0.495, 0.495, 0.495, 0.495, 0.495, 0.495, 0.495, 0.495, 0.505, 0.505, 0.505, 0.505, 0.505, 0.505, 0.505, 0.505, 0.505, 0.505, 0.505, 0.505, 0.505, 0.505, 0.505, 0.505, 0.505, 0.505, 0.505, 0.505]}}, "circle_tanh": {"means": {"eval_loss": 1.48, "accuracy": 0.0, "train_accuracies": [0.575, 0.575, 0.575, 0.575, 0.575, 0.575, 0.575, 0.575, 0.575, 0.575, 0.575, 0.575, 0.575, 0.575, 0.575, 0.575, 0.575, 0.575, 0.575, 0.575, 0.575, 0.575, 0.575, 0.21499999999999997, 0.0, 0.0, 0.0, 0.0, 0.0, 0.0, 0.0, 0.0, 0.0, 0.0, 0.0, 0.0, 0.0, 0.0, 0.0, 0.0]}}, "circle_relu": {"means": {"eval_loss": 0.47804085615382663, "accuracy": 0.55, "train_accuracies": [0.56, 0.56, 0.56, 0.56, 0.56, 0.56, 0.56, 0.56, 0.56, 0.56, 0.56, 0.56, 0.56, 0.56, 0.56, 0.56, 0.56, 0.56, 0.56, 0.56, 0.56, 0.56, 0.56, 0.56, 0.56, 0.56, 0.56, 0.56, 0.56, 0.56, 0.56, 0.56, 0.56, 0.56, 0.56, 0.56, 0.56, 0.56, 0.56, 0.56]}}, "spiral_sigmoid": {"means": {"eval_loss": 0.4955028450376032, "accuracy": 0.515, "train_accuracies": [0.515, 0.515, 0.515, 0.515, 0.515, 0.515, 0.515, 0.515, 0.515, 0.515, 0.515, 0.515, 0.515, 0.515, 0.515, 0.515, 0.515, 0.515, 0.515, 0.515, 0.515, 0.515, 0.515, 0.5349999999999999, 0.485, 0.485, 0.485, 0.485, 0.485, 0.485, 0.485, 0.485, 0.485, 0.485, 0.485, 0.485, 0.485, 0.485, 0.485, 0.485]}}, "spiral_tanh": {"means": {"eval_loss": 1.485, "accuracy": 0.0, "train_accuracies": [0.0, 0.0, 0.0, 0.0, 0.0, 0.0, 0.0, 0.0, 0.0, 0.0, 0.0, 0.0, 0.0, 0.0, 0.0, 0.0, 0.0, 0.0, 0.0, 0.0, 0.0, 0.0, 0.0, 0.0, 0.0, 0.0, 0.0, 0.0, 0.0, 0.0, 0.0, 0.0, 0.0, 0.0, 0.0, 0.0, 0.0, 0.0, 0.0, 0.0]}}, "spiral_relu": {"means": {"eval_loss": 0.525, "accuracy": 0.475, "train_accuracies": [0.525, 0.525, 0.525, 0.525, 0.525, 0.525, 0.525, 0.525, 0.525, 0.525, 0.525, 0.525, 0.525, 0.525, 0.525, 0.525, 0.525, 0.525, 0.525, 0.525, 0.525, 0.525, 0.525, 0.525, 0.525, 0.525, 0.525, 0.525, 0.525, 0.525, 0.525, 0.525, 0.525, 0.525, 0.525, 0.525, 0.525, 0.525, 0.525, 0.525]}}}