{"gaussian_sigmoid": {"means": {"eval_loss": 0.10846022399308972, "accuracy": 0.985, "train_accuracies": [0.81, 0.96, 0.96, 0.965, 0.965, 0.97, 0.97, 0.975, 0.975, 0.97, 0.97, 0.97, 0.97, 0.97, 0.97, 0.97, 0.97, 0.97, 0.97, 0.97, 0.97, 0.97, 0.97, 0.97, 0.97, 0.97, 0.97, 0.97, 0.97, 0.97, 0.97, 0.97, 0.97, 0.97, 0.97, 0.97, 0.97, 0.97, 0.97, 0.97]}}, "xor_sigmoid": {"means": {"eval_loss": 0.494884691701721, "accuracy": 0.505, "train_accuracies": [0.475, 0.43500000000000005, 0.44999999999999996, 0.47, 0.485, 0.495, 0.5, 0.495, 0.515, 0.52, 0.52, 0.53, 0.53, 0.53, 0.54, 0.54, 0.5349999999999999, 0.5349999999999999, 0.54, 0.5449999999999999, 0.54, 0.54, 0.54, 0.54, 0.5449999999999999, 0.5449999999999999, 0.5449999999999999, 0.5449999999999999, 0.54, 0.5449999999999999, 0.55, 0.5449999999999999, 0.54, 0.5449999999999999, 0.5549999999999999, 0.5449999999999999, 0.5449999999999999, 0.5449999999999999, 0.5449999999999999, 0.5449999999999999]}}, "circle_sigmoid": {"means": {"eval_loss": 0.4998155232353703, "accuracy": 0.355, "train_accuracies": [0.505, 0.53, 0.46499999999999997, 0.41000000000000003, 0.385, 0.365, 0.36, 0.36, 0.36, 0.36, 0.36, 0.365, 0.365, 0.365, 0.355, 0.355, 0.35, 0.35, 0.35, 0.35, 0.35, 0.345, 0.345, 0.35, 0.355, 0.355, 0.355, 0.355, 0.36, 0.365, 0.365, 0.365, 0.365, 0.365, 0.365, 0.365, 0.365, 0.365, 0.365, 0.365]}}, "spiral_sigmoid": {"means": {"eval_loss": 0.46938871872475174, "accuracy": 0.59, "train_accuracies": [0.525, 0.595, 0.65, 0.64, 0.635, 0.63, 0.625, 0.625, 0.625, 0.62, 0.625, 0.625, 0.625, 0.625, 0.63, 0.635, 0.635, 0.635, 0.635, 0.635, 0.635, 0.63, 0.63, 0.63, 0.63, 0.63, 0.63, 0.63, 0.63, 0.63, 0.63, 0.63, 0.63, 0.63, 0.625, 0.625, 0.625, 0.625, 0.625, 0.625]}}}