{"gaussian_sigmoid": {"means": {"eval_loss": 0.12584123714259238, "accuracy": 0.965, "train_accuracies": [0.775, 0.975, 0.98, 0.98, 0.98, 0.98, 0.98, 0.98, 0.98, 0.98, 0.98, 0.98, 0.98, 0.98, 0.98, 0.98, 0.98, 0.98, 0.98, 0.98, 0.98, 0.98, 0.98, 0.98, 0.98, 0.98, 0.98, 0.98, 0.98, 0.98, 0.98, 0.98, 0.98, 0.98, 0.98, 0.98, 0.98, 0.98, 0.98, 0.975]}}, "xor_sigmoid": {"means": {"eval_loss": 0.4999115224052404, "accuracy": 0.47, "train_accuracies": [0.485, 0.495, 0.44499999999999995, 0.47, 0.475, 0.475, 0.47, 0.475, 0.475, 0.475, 0.475, 0.475, 0.485, 0.475, 0.475, 0.475, 0.47, 0.47, 0.46499999999999997, 0.47, 0.45999999999999996, 0.45999999999999996, 0.45499999999999996, 0.45999999999999996, 0.45999999999999996, 0.46499999999999997, 0.45999999999999996, 0.45999999999999996, 0.45999999999999996, 0.46499999999999997, 0.45999999999999996, 0.45499999999999996, 0.45499999999999996, 0.45499999999999996, 0.45499999999999996, 0.45499999999999996, 0.45499999999999996, 0.44999999999999996, 0.44999999999999996, 0.44999999999999996]}}, "circle_sigmoid": {"means": {"eval_loss": 0.49389485126461463, "accuracy": 0.54, "train_accuracies": [0.5700000000000001, 0.565, 0.565, 0.565, 0.565, 0.565, 0.565, 0.56, 0.56, 0.56, 0.56, 0.565, 0.565, 0.565, 0.565, 0.565, 0.565, 0.565, 0.565, 0.565, 0.565, 0.565, 0.565, 0.565, 0.565, 0.565, 0.565, 0.565, 0.565, 0.565, 0.565, 0.565, 0.565, 0.565, 0.565, 0.565, 0.565, 0.565, 0.565, 0.565]}}, "spiral_sigmoid": {"means": {"eval_loss": 0.46828764626424857, "accuracy": 0.66, "train_accuracies": [0.515, 0.5800000000000001, 0.585, 0.575, 0.585, 0.5900000000000001, 0.5900000000000001, 0.5900000000000001, 0.5900000000000001, 0.605, 0.605, 0.605, 0.6, 0.6, 0.6, 0.6, 0.6, 0.6, 0.6, 0.6, 0.6, 0.6, 0.6, 0.6, 0.6, 0.6, 0.6, 0.6, 0.6, 0.595, 0.595, 0.595, 0.595, 0.595, 0.595, 0.595, 0.595, 0.595, 0.595, 0.5900000000000001]}}}