{"gaussian_sigmoid": {"means": {"eval_loss": 0.09156592500103544, "accuracy": 0.92, "train_accuracies": [0.6699999999999999, 0.87, 0.915, 0.955, 0.985, 0.985, 0.99, 1.0, 1.0, 1.0, 1.0, 1.0, 1.0, 1.0, 1.0, 1.0, 1.0, 1.0, 1.0, 1.0, 1.0, 1.0, 1.0, 1.0, 1.0, 1.0, 1.0, 1.0, 1.0, 1.0, 1.0, 1.0, 1.0, 1.0, 1.0, 1.0, 1.0, 1.0, 1.0, 1.0]}}, "xor_sigmoid": {"means": {"eval_loss": 0.40621210413531356, "accuracy": 0.6, "train_accuracies": [0.495, 0.5349999999999999, 0.655, 0.755, 0.77, 0.845, 0.815, 0.87, 0.895, 0.92, 0.92, 0.9299999999999999, 0.94, 0.895, 0.925, 0.95, 0.95, 0.965, 0.97, 0.97, 0.985, 0.985, 0.985, 0.985, 0.985, 0.985, 0.98, 0.955, 0.97, 0.985, 0.995, 0.995, 1.0, 1.0, 1.0, 1.0, 1.0, 1.0, 1.0, 1.0]}}, "circle_sigmoid": {"means": {"eval_loss": 0.10201735005590976, "accuracy": 0.91, "train_accuracies": [0.74, 0.875, 0.94, 0.97, 0.975, 0.98, 0.99, 0.99, 0.99, 0.995, 0.995, 0.995, 0.995, 1.0, 1.0, 1.0, 1.0, 1.0, 1.0, 1.0, 1.0, 1.0, 1.0, 1.0, 1.0, 1.0, 1.0, 1.0, 1.0, 1.0, 1.0, 1.0, 1.0, 1.0, 1.0, 1.0, 1.0, 1.0, 1.0, 1.0]}}, "spiral_sigmoid": {"means": {"eval_loss": 0.4493845334779661, "accuracy": 0.55, "train_accuracies": [0.49, 0.5700000000000001, 0.6599999999999999, 0.685, 0.7150000000000001, 0.71, 0.74, 0.775, 0.765, 0.78, 0.8200000000000001, 0.825, 0.85, 0.865, 0.875, 0.91, 0.915, 0.88, 0.925, 0.935, 0.925, 0.925, 0.91, 0.91, 0.915, 0.9299999999999999, 0.94, 0.925, 0.9299999999999999, 0.955, 0.945, 0.94, 0.945, 0.95, 0.955, 0.97, 0.975, 0.985, 0.985, 0.985]}}}